[
 	{
 		"a_name": "ак-47",
 		"a_id": 355
 	},
 	{
 		"a_name": "рюкзак",
 		"a_id": 371
 	},
 	{
 		"a_name": "рюкзак Louis Vuitton",
 		"a_id": 907
 	},
 	{
 		"a_name": "рюкзак Puma",
 		"a_id": 908
 	},
 	{
 		"a_name": "рюкзак Nike",
 		"a_id": 909
 	},
 	{
 		"a_name": "кепка Gucci",
 		"a_id": 910
 	},
 	{
 		"a_name": "сумка Nike",
 		"a_id": 911
 	},
 	{
 		"a_name": "сумка Gucci",
 		"a_id": 912
 	},
 	{
 		"a_name": "сумка Supreme",
 		"a_id": 913
 	},
 	{
 		"a_name": "сумка Supreme (BIG)",
 		"a_id": 916
 	},
 	{
 		"a_name": "рюкзак Gucci #2",
 		"a_id": 918
 	},
 	{
 		"a_name": "кепка спартак",
 		"a_id": 919
 	},
 	{
 		"a_name": "сумка Louis Vuitton",
 		"a_id": 920
 	},
 	{
 		"a_name": "кепка цска",
 		"a_id": 923
 	},
 	{
 		"a_name": "рюкзак Gucci #1",
 		"a_id": 926
 	},
 	{
 		"a_name": "маска #1",
 		"a_id": 970
 	},
 	{
 		"a_name": "маска #2",
 		"a_id": 971
 	},
 	{
 		"a_name": "маска #3",
 		"a_id": 972
 	},
 	{
 		"a_name": "маска #4",
 		"a_id": 973
 	},
 	{
 		"a_name": "маска #5",
 		"a_id": 974
 	},
 	{
 		"a_name": "маска #6",
 		"a_id": 975
 	},
 	{
 		"a_name": "маска #7",
 		"a_id": 976
 	},
 	{
 		"a_name": "маска #8",
 		"a_id": 977
 	},
 	{
 		"a_name": "сумка #1",
 		"a_id": 984
 	},
 	{
 		"a_name": "Apple Watch (B)",
 		"a_id": 985
 	},
 	{
 		"a_name": "Apple Watch (W)",
 		"a_id": 986
 	},
 	{
 		"a_name": "сумка #2",
 		"a_id": 987
 	},
 	{
 		"a_name": "сумка #3",
 		"a_id": 988
 	},
 	{
 		"a_name": "сумка #4",
 		"a_id": 989
 	},
 	{
 		"a_name": "часы #1",
 		"a_id": 990
 	},
 	{
 		"a_name": "сумка #5",
 		"a_id": 991
 	},
 	{
 		"a_name": "сумка #6",
 		"a_id": 992
 	},
 	{
 		"a_name": "сумка #7",
 		"a_id": 993
 	},
 	{
 		"a_name": "часы #2",
 		"a_id": 995
 	},
 	{
 		"a_name": "BMX",
 		"a_id": 1083
 	},
 	{
 		"a_name": "амулет",
 		"a_id": 1276
 	},
 	{
 		"a_name": "самолётик",
 		"a_id": 2511
 	},
 	{
 		"a_name": "чёрный рюкзак",
 		"a_id": 3026
 	},
 	{
 		"a_name": "рюзак пикачу",
 		"a_id": 5003
 	},
 	{
 		"a_name": "пикачу",
 		"a_id": 5004
 	},
 	{
 		"a_name": "бело-чёрный рюкзак",
 		"a_id": 5005
 	},
 	{
 		"a_name": "чёрный рюкзак",
 		"a_id": 5006
 	},
 	{
 		"a_name": "клетчатый светлый рюкзак",
 		"a_id": 5007
 	},
 	{
 		"a_name": "клетчатый тёмный рюкзак",
 		"a_id": 5008
 	},
 	{
 		"a_name": "рюкзак далматинца",
 		"a_id": 5009
 	},
 	{
 		"a_name": "синяя броня",
 		"a_id": 5010
 	},
 	{
 		"a_name": "фиолетовая броня",
 		"a_id": 5011
 	},
 	{
 		"a_name": "жёлтая броня",
 		"a_id": 5012
 	},
 	{
 		"a_name": "зелёная броня",
 		"a_id": 5013
 	},
 	{
 		"a_name": "красная броня",
 		"a_id": 5014
 	},
 	{
 		"a_name": "военная броня",
 		"a_id": 5015
 	},
 	{
 		"a_name": "броня LVL 1",
 		"a_id": 5016
 	},
 	{
 		"a_name": "броня LVL 2",
 		"a_id": 5017
 	},
 	{
 		"a_name": "броня LVL 3",
 		"a_id": 5018
 	},
 	{
 		"a_name": "броня LVL 4",
 		"a_id": 5019
 	},
 	{
 		"a_name": "клетчатая светлая сумка",
 		"a_id": 5020
 	},
 	{
 		"a_name": "C3PO",
 		"a_id": 5026
 	},
 	{
 		"a_name": "шлем с рогами",
 		"a_id": 5027
 	},
 	{
 		"a_name": "шлем клона",
 		"a_id": 5028
 	},
 	{
 		"a_name": "шлем штурмовика",
 		"a_id": 5029
 	},
 	{
 		"a_name": "шлем PUBG #1",
 		"a_id": 5030
 	},
 	{
 		"a_name": "шлем PUBG #2",
 		"a_id": 5031
 	},
 	{
 		"a_name": "шлем PUBG #3",
 		"a_id": 5032
 	},
 	{
 		"a_name": "шлем PUBG #4",
 		"a_id": 5033
 	},
 	{
 		"a_name": "шлем PUBG #5",
 		"a_id": 5034
 	},
 	{
 		"a_name": "шлем PUBG #6",
 		"a_id": 5035
 	},
 	{
 		"a_name": "Custom броня #1",
 		"a_id": 5036
 	},
 	{
 		"a_name": "Custom броня #2",
 		"a_id": 5037
 	},
 	{
 		"a_name": "Custom броня #3",
 		"a_id": 5038
 	},
 	{
 		"a_name": "Custom броня #4",
 		"a_id": 5039
 	},
 	{
 		"a_name": "Custom броня #5",
 		"a_id": 5040
 	},
 	{
 		"a_name": "Custom броня #6",
 		"a_id": 5041
 	},
 	{
 		"a_name": "Custom броня #7",
 		"a_id": 5042
 	},
 	{
 		"a_name": "Custom броня #8",
 		"a_id": 5043
 	},
 	{
 		"a_name": "Custom броня #9",
 		"a_id": 5044
 	},
 	{
 		"a_name": "Custom броня #10",
 		"a_id": 5045
 	},
 	{
 		"a_name": "Custom броня #11",
 		"a_id": 5046
 	},
 	{
 		"a_name": "Custom броня #12",
 		"a_id": 5047
 	},
 	{
 		"a_name": "Custom броня #13",
 		"a_id": 5048
 	},
 	{
 		"a_name": "Custom броня #14",
 		"a_id": 5049
 	},
 	{
 		"a_name": "Custom броня #15",
 		"a_id": 5051
 	},
 	{
 		"a_name": "кровавый нимб",
 		"a_id": 5052
 	},
 	{
 		"a_name": "приведение",
 		"a_id": 5053
 	},
 	{
 		"a_name": "летучие мыши",
 		"a_id": 5054
 	},
 	{
 		"a_name": "маятник",
 		"a_id": 5055
 	},
 	{
 		"a_name": "демон наблюдатель",
 		"a_id": 5056
 	},
 	{
 		"a_name": "костяные крылья",
 		"a_id": 5057
 	},
 	{
 		"a_name": "смерч",
 		"a_id": 5058
 	},
 	{
 		"a_name": "Fuck робот",
 		"a_id": 5059
 	},
 	{
 		"a_name": "Jet Acs",
 		"a_id": 5061
 	},
 	{
 		"a_name": "камнеголовые",
 		"a_id": 5062
 	},
 	{
 		"a_name": "снежинка",
 		"a_id": 5063
 	},
 	{
 		"a_name": "звезда на палке",
 		"a_id": 5064
 	},
 	{
 		"a_name": "энергетический щит",
 		"a_id": 5065
 	},
 	{
 		"a_name": "дрон",
 		"a_id": 5066
 	},
 	{
 		"a_name": "санта робот",
 		"a_id": 5067
 	},
 	{
 		"a_name": "рюкзак Bumble Bee",
 		"a_id": 5068
 	},
 	{
 		"a_name": "голова Bumble Bee",
 		"a_id": 5069
 	},
 	{
 		"a_name": "голова Optimus Prime",
 		"a_id": 5070
 	},
 	{
 		"a_name": "маленький Optimus Prime",
 		"a_id": 5071
 	},
 	{
 		"a_name": "сумка Mystery Car",
 		"a_id": 5072
 	},
 	{
 		"a_name": "рюкзак Scooby Doo #1",
 		"a_id": 5073
 	},
 	{
 		"a_name": "рюкзак Scooby Doo #2",
 		"a_id": 5074
 	},
 	{
 		"a_name": "кепка Scooby Doo",
 		"a_id": 5075
 	},
 	{
 		"a_name": "ошейник Scooby Doo",
 		"a_id": 5076
 	},
 	{
 		"a_name": "меч",
 		"a_id": 5077
 	},
 	{
 		"a_name": "красный дрон",
 		"a_id": 5078
 	},
 	{
 		"a_name": "красный молот",
 		"a_id": 5079
 	},
 	{
 		"a_name": "Lego санта",
 		"a_id": 5080
 	},
 	{
 		"a_name": "танк пряник",
 		"a_id": 5081
 	},
 	{
 		"a_name": "рюкзак Shrek #1",
 		"a_id": 5082
 	},
 	{
 		"a_name": "новогоднее сердце",
 		"a_id": 5084
 	},
 	{
 		"a_name": "сумка синий кот",
 		"a_id": 5085
 	},
 	{
 		"a_name": "вилы",
 		"a_id": 5086
 	},
 	{
 		"a_name": "брат руслана",
 		"a_id": 5087
 	},
 	{
 		"a_name": "подарки",
 		"a_id": 5088
 	},
 	{
 		"a_name": "цепочка Shrek",
 		"a_id": 5089
 	},
 	{
 		"a_name": "игрушечная лошадь",
 		"a_id": 5090
 	},
 	{
 		"a_name": "сочельник",
 		"a_id": 5091
 	},
 	{
 		"a_name": "фонарь",
 		"a_id": 5092
 	},
 	{
 		"a_name": "огурчик рик",
 		"a_id": 5093
 	},
 	{
 		"a_name": "шапка олень",
 		"a_id": 5094
 	},
 	{
 		"a_name": "осёл",
 		"a_id": 5095
 	},
 	{
 		"a_name": "шарик лягушка",
 		"a_id": 5096
 	},
 	{
 		"a_name": "гитара рик",
 		"a_id": 5097
 	},
 	{
 		"a_name": "новогодняя",
 		"a_id": 5099
 	},
 	{
 		"a_name": "шлем рика",
 		"a_id": 5100
 	},
 	{
 		"a_name": "табличка огра",
 		"a_id": 5101
 	},
 	{
 		"a_name": "новогодний рюкзак",
 		"a_id": 5102
 	},
 	{
 		"a_name": "шляпа кота в сапогах",
 		"a_id": 5103
 	},
 	{
 		"a_name": "рюкзак рика",
 		"a_id": 5104
 	},
 	{
 		"a_name": "голова рика",
 		"a_id": 5105
 	},
 	{
 		"a_name": "броня рика #1",
 		"a_id": 5106
 	},
 	{
 		"a_name": "рюкзак Shrek #2",
 		"a_id": 5107
 	},
 	{
 		"a_name": "шлем Shrek",
 		"a_id": 5108
 	},
 	{
 		"a_name": "броня рика #2",
 		"a_id": 5109
 	},
 	{
 		"a_name": "новогодние очки",
 		"a_id": 5110
 	},
 	{
 		"a_name": "снеговичок",
 		"a_id": 5111
 	},
 	{
 		"a_name": "снежинка",
 		"a_id": 5112
 	},
 	{
 		"a_name": "шпага кота в сапогах",
 		"a_id": 5113
 	},
 	{
 		"a_name": "мини рик",
 		"a_id": 5114
 	},
 	{
 		"a_name": "новогодняя броня",
 		"a_id": 5115
 	},
 	{
 		"a_name": "кепка Adidas (три полосы)",
 		"a_id": 8100
 	},
 	{
 		"a_name": "палец",
 		"a_id": 8101
 	},
 	{
 		"a_name": "жилет бургер кинг",
 		"a_id": 8102
 	},
 	{
 		"a_name": "боксёрская перчатка",
 		"a_id": 8103
 	},
 	{
 		"a_name": "корона бургер кинг",
 		"a_id": 8104
 	},
 	{
 		"a_name": "левый клинок хаоса",
 		"a_id": 8105
 	},
 	{
 		"a_name": "правый клинок хаоса",
 		"a_id": 8106
 	},
 	{
 		"a_name": "клинки хаоса",
 		"a_id": 8107
 	},
 	{
 		"a_name": "маска Diablo",
 		"a_id": 8108
 	},
 	{
 		"a_name": "молот BAN",
 		"a_id": 8109
 	},
 	{
 		"a_name": "рупор WARN",
 		"a_id": 8110
 	},
 	{
 		"a_name": "железный штырь",
 		"a_id": 8111
 	},
 	{
 		"a_name": "корона",
 		"a_id": 8112
 	},
 	{
 		"a_name": "кепка StarBucks",
 		"a_id": 8113
 	},
 	{
 		"a_name": "кепка TikTok #1",
 		"a_id": 8114
 	},
 	{
 		"a_name": "кепка TikTok #2",
 		"a_id": 8115
 	},
 	{
 		"a_name": "Iron Hearth",
 		"a_id": 8116
 	},
 	{
 		"a_name": "кепка TikTok #3",
 		"a_id": 8117
 	},
 	{
 		"a_name": "имперская корона",
 		"a_id": 8118
 	},
 	{
 		"a_name": "военная шапка",
 		"a_id": 8119
 	},
 	{
 		"a_name": "казачья шапка",
 		"a_id": 8120
 	},
 	{
 		"a_name": "старая шапка",
 		"a_id": 8121
 	},
 	{
 		"a_name": "шапка обвисшая",
 		"a_id": 8122
 	},
 	{
 		"a_name": "шапка из бобра",
 		"a_id": 8123
 	},
 	{
 		"a_name": "крысиные уши",
 		"a_id": 8124
 	},
 	{
 		"a_name": "жёлтый молоток",
 		"a_id": 8125
 	},
 	{
 		"a_name": "крысиная шапка",
 		"a_id": 8126
 	},
 	{
 		"a_name": "маска кролика",
 		"a_id": 8127
 	},
 	{
 		"a_name": "щупальца",
 		"a_id": 8129
 	},
 	{
 		"a_name": "крылья купидона",
 		"a_id": 8130
 	},
 	{
 		"a_name": "лук купидона",
 		"a_id": 8131
 	},
 	{
 		"a_name": "соси не соси",
 		"a_id": 8132
 	},
 	{
 		"a_name": "Fallout чемодан",
 		"a_id": 8133
 	},
 	{
 		"a_name": "лгбт сумка",
 		"a_id": 8134
 	},
 	{
 		"a_name": "чёрный портфель",
 		"a_id": 8135
 	},
 	{
 		"a_name": "Cyberpank boombox",
 		"a_id": 8136
 	},
 	{
 		"a_name": "Cyberpank boombox",
 		"a_id": 8137
 	},
 	{
 		"a_name": "Marshmallow",
 		"a_id": 8138
 	},
 	{
 		"a_name": "парик",
 		"a_id": 8139
 	},
 	{
 		"a_name": "тотем",
 		"a_id": 8140
 	},
 	{
 		"a_name": "штурвал",
 		"a_id": 8141
 	},
 	{
 		"a_name": "панцырь",
 		"a_id": 8142
 	},
 	{
 		"a_name": "меч ярости",
 		"a_id": 8143
 	},
 	{
 		"a_name": "крылья дьявола",
 		"a_id": 8200
 	},
 	{
 		"a_name": "дрон сборщик",
 		"a_id": 8201
 	},
 	{
 		"a_name": "красный дрон",
 		"a_id": 8202
 	},
 	{
 		"a_name": "дрон самолёт",
 		"a_id": 8203
 	},
 	{
 		"a_name": "зелёная сфера",
 		"a_id": 8204
 	},
 	{
 		"a_name": "голубая сфера",
 		"a_id": 8205
 	},
 	{
 		"a_name": "красная сфера",
 		"a_id": 8206
 	},
 	{
 		"a_name": "белая сфера",
 		"a_id": 8207
 	},
 	{
 		"a_name": "кошачья голова",
 		"a_id": 8208
 	},
 	{
 		"a_name": "механический медведь",
 		"a_id": 8210
 	},
 	{
 		"a_name": "каменный сюрикен",
 		"a_id": 8211
 	},
 	{
 		"a_name": "железный сюрикен",
 		"a_id": 8212
 	},
 	{
 		"a_name": "маленький сюрикен",
 		"a_id": 8213
 	},
 	{
 		"a_name": "острый сюрикен",
 		"a_id": 8214
 	},
 	{
 		"a_name": "летучая мышь",
 		"a_id": 8215
 	},
 	{
 		"a_name": "колесо смерти",
 		"a_id": 8216
 	},
 	{
 		"a_name": "голова джека",
 		"a_id": 8217
 	},
 	{
 		"a_name": "планетарный нимб",
 		"a_id": 8218
 	},
 	{
 		"a_name": "сферический нимб",
 		"a_id": 8219
 	},
 	{
 		"a_name": "костлявая акула",
 		"a_id": 8220
 	},
 	{
 		"a_name": "крылья демона",
 		"a_id": 8221
 	},
 	{
 		"a_name": "джетпак",
 		"a_id": 8222
 	},
 	{
 		"a_name": "зелёный меч",
 		"a_id": 8223
 	},
 	{
 		"a_name": "воздушный шар #8",
 		"a_id": 8224
 	},
 	{
 		"a_name": "воздушный шар #9",
 		"a_id": 8225
 	},
 	{
 		"a_name": "воздушный шар #10",
 		"a_id": 8226
 	},
 	{
 		"a_name": "воздушный шар #11",
 		"a_id": 8227
 	},
 	{
 		"a_name": "воздушный шар #12",
 		"a_id": 8228
 	},
 	{
 		"a_name": "воздушный шар #13",
 		"a_id": 8229
 	},
 	{
 		"a_name": "воздушный шар #14",
 		"a_id": 8230
 	},
 	{
 		"a_name": "пентаграмма зелёная",
 		"a_id": 8231
 	},
 	{
 		"a_name": "крылья бабочки",
 		"a_id": 8232
 	},
 	{
 		"a_name": "Ice Wings",
 		"a_id": 8233
 	},
 	{
 		"a_name": "снежная королева",
 		"a_id": 8234
 	},
 	{
 		"a_name": "корона война",
 		"a_id": 8235
 	},
 	{
 		"a_name": "ADMINS TEAM #1",
 		"a_id": 8236
 	},
 	{
 		"a_name": "ADMINS TEAM #2",
 		"a_id": 8237
 	},
 	{
 		"a_name": "ADMINS TEAM #3",
 		"a_id": 8238
 	},
 	{
 		"a_name": "голубой сим",
 		"a_id": 8239
 	},
 	{
 		"a_name": "водоворот",
 		"a_id": 8240
 	},
 	{
 		"a_name": "кубик рубик",
 		"a_id": 8241
 	},
 	{
 		"a_name": "снежная сфера",
 		"a_id": 8242
 	},
 	{
 		"a_name": "вихрь",
 		"a_id": 8243
 	},
 	{
 		"a_name": "архангельские крылья",
 		"a_id": 8244
 	},
 	{
 		"a_name": "дрон",
 		"a_id": 8245
 	},
 	{
 		"a_name": "ангельские крылья",
 		"a_id": 8246
 	},
 	{
 		"a_name": "голубая сумка",
 		"a_id": 8247
 	},
 	{
 		"a_name": "дрон #2",
 		"a_id": 8248
 	},
 	{
 		"a_name": "BB 8",
 		"a_id": 8249
 	},
 	{
 		"a_name": "звезда смерти",
 		"a_id": 8250
 	},
 	{
 		"a_name": "Baby Yoda",
 		"a_id": 8251
 	},
 	{
 		"a_name": "Tie Fighter",
 		"a_id": 8252
 	},
 	{
 		"a_name": "жёлтые крылья",
 		"a_id": 8253
 	},
 	{
 		"a_name": "шатл повстанцев",
 		"a_id": 8254
 	},
 	{
 		"a_name": "корона из яиц",
 		"a_id": 8255
 	},
 	{
 		"a_name": "курица в гнезде",
 		"a_id": 8256
 	},
 	{
 		"a_name": "мистерио",
 		"a_id": 8257
 	},
 	{
 		"a_name": "алмазный алтарь",
 		"a_id": 8258
 	},
 	{
 		"a_name": "огонёк",
 		"a_id": 8259
 	},
 	{
 		"a_name": "пончики над головой",
 		"a_id": 8260
 	},
 	{
 		"a_name": "белый сюрикен",
 		"a_id": 8261
 	},
 	{
 		"a_name": "радиальный глаз",
 		"a_id": 8262
 	},
 	{
 		"a_name": "щупальца",
 		"a_id": 8263
 	},
 	{
 		"a_name": "нимб с грибами",
 		"a_id": 8264
 	},
 	{
 		"a_name": "нимб с цветами",
 		"a_id": 8265
 	},
 	{
 		"a_name": "нимб психоделика",
 		"a_id": 8266
 	},
 	{
 		"a_name": "электрокрылья",
 		"a_id": 8267
 	},
 	{
 		"a_name": "крылья сокола (MARVEL)",
 		"a_id": 8268
 	},
 	{
 		"a_name": "планетарный экспресс",
 		"a_id": 8269
 	},
 	{
 		"a_name": "механические крылья",
 		"a_id": 8270
 	},
 	{
 		"a_name": "Sims",
 		"a_id": 8271
 	},
 	{
 		"a_name": "пентаграмма разраба",
 		"a_id": 8272
 	},
 	{
 		"a_name": "золотая корона",
 		"a_id": 8273
 	},
 	{
 		"a_name": "деревяная корона",
 		"a_id": 8274
 	},
 	{
 		"a_name": "делориан",
 		"a_id": 8275
 	},
 	{
 		"a_name": "шары судьбы",
 		"a_id": 8276
 	},
 	{
 		"a_name": "часы",
 		"a_id": 8277
 	},
 	{
 		"a_name": "кристаллы",
 		"a_id": 8278
 	},
 	{
 		"a_name": "нимб из кристаллов",
 		"a_id": 8279
 	},
 	{
 		"a_name": "магический посох",
 		"a_id": 8280
 	},
 	{
 		"a_name": "кристаллические крылья",
 		"a_id": 8281
 	},
 	{
 		"a_name": "садок",
 		"a_id": 8283
 	},
 	{
 		"a_name": "рыба моей мечты",
 		"a_id": 8284
 	},
 	{
 		"a_name": "часы храмова",
 		"a_id": 8285
 	},
 	{
 		"a_name": "Fish Hunter",
 		"a_id": 8286
 	},
 	{
 		"a_name": "пабджи",
 		"a_id": 8287
 	},
 	{
 		"a_name": "осминог",
 		"a_id": 8288
 	},
 	{
 		"a_name": "пилотка",
 		"a_id": 8289
 	},
 	{
 		"a_name": "кокошник",
 		"a_id": 8290
 	},
 	{
 		"a_name": "за морфлот!",
 		"a_id": 8291
 	},
 	{
 		"a_name": "шляпа храмова",
 		"a_id": 8292
 	},
 	{
 		"a_name": "DJ улыбка",
 		"a_id": 8293
 	},
 	{
 		"a_name": "DJ помидор",
 		"a_id": 8294
 	},
 	{
 		"a_name": "банан храмова",
 		"a_id": 8295
 	},
 	{
 		"a_name": "футболка храмова",
 		"a_id": 8296
 	},
 	{
 		"a_name": "огонёчек",
 		"a_id": 8297
 	},
 	{
 		"a_name": "заячья кепка",
 		"a_id": 8298
 	},
 	{
 		"a_name": "кроличья душа",
 		"a_id": 8299
 	},
 	{
 		"a_name": "крутой кролик",
 		"a_id": 8300
 	},
 	{
 		"a_name": "кибер-кролик #1",
 		"a_id": 8301
 	},
 	{
 		"a_name": "кибер-кролик #2",
 		"a_id": 8302
 	},
 	{
 		"a_name": "Set Pharaoh #1",
 		"a_id": 8303
 	},
 	{
 		"a_name": "Set Poseidon #1",
 		"a_id": 8304
 	},
 	{
 		"a_name": "кибер-уши",
 		"a_id": 8305
 	},
 	{
 		"a_name": "плюшняш",
 		"a_id": 8306
 	},
 	{
 		"a_name": "Cyber Bag #1",
 		"a_id": 8307
 	},
 	{
 		"a_name": "крылья богомола",
 		"a_id": 8308
 	},
 	{
 		"a_name": "кибер-муму",
 		"a_id": 8309
 	},
 	{
 		"a_name": "пришелец",
 		"a_id": 8314
 	},
 	{
 		"a_name": "бомж броня",
 		"a_id": 8316
 	},
 	{
 		"a_name": "Set Pharaoh #2",
 		"a_id": 8317
 	},
 	{
 		"a_name": "Set Pharaoh #3",
 		"a_id": 8318
 	},
 	{
 		"a_name": "болотное",
 		"a_id": 8319
 	},
 	{
 		"a_name": "Set Pharaoh #4",
 		"a_id": 8320
 	},
 	{
 		"a_name": "Set Iron #1",
 		"a_id": 8321
 	},
 	{
 		"a_name": "Set conus #1",
 		"a_id": 8322
 	},
 	{
 		"a_name": "Set Pharaoh #5",
 		"a_id": 8323
 	},
 	{
 		"a_name": "Set conus #2",
 		"a_id": 8324
 	},
 	{
 		"a_name": "Set Iron #2",
 		"a_id": 8325
 	},
 	{
 		"a_name": "Set Pharaoh #6",
 		"a_id": 8326
 	},
 	{
 		"a_name": "воздушный шар #15",
 		"a_id": 8327
 	},
 	{
 		"a_name": "DJ Mask",
 		"a_id": 8328
 	},
 	{
 		"a_name": "Case #1",
 		"a_id": 8329
 	},
 	{
 		"a_name": "Case #2",
 		"a_id": 8330
 	},
 	{
 		"a_name": "Case #3",
 		"a_id": 8331
 	},
 	{
 		"a_name": "Case #4",
 		"a_id": 8332
 	},
 	{
 		"a_name": "Case #5",
 		"a_id": 8333
 	},
 	{
 		"a_name": "Case #6",
 		"a_id": 8334
 	},
 	{
 		"a_name": "крылья",
 		"a_id": 8492
 	},
 	{
 		"a_name": "маска Bane",
 		"a_id": 10971
 	},
 	{
 		"a_name": "маска-шарф",
 		"a_id": 10972
 	},
 	{
 		"a_name": "маска Jason",
 		"a_id": 10973
 	},
 	{
 		"a_name": "тактический респиратор",
 		"a_id": 10974
 	},
 	{
 		"a_name": "маска лектора",
 		"a_id": 10975
 	},
 	{
 		"a_name": "маска Oni",
 		"a_id": 10976
 	},
 	{
 		"a_name": "маска Punisher",
 		"a_id": 10977
 	},
 	{
 		"a_name": "маска-намордник",
 		"a_id": 10978
 	},
 	{
 		"a_name": "маска чужого",
 		"a_id": 10979
 	},
 	{
 		"a_name": "противогаз",
 		"a_id": 10980
 	},
 	{
 		"a_name": "маска военная",
 		"a_id": 10981
 	},
 	{
 		"a_name": "маска PayDay",
 		"a_id": 10982
 	},
 	{
 		"a_name": "кепка (Green)",
 		"a_id": 10998
 	},
 	{
 		"a_name": "кепка (Yellow)",
 		"a_id": 10999
 	},
 	{
 		"a_name": "кепка (Black)",
 		"a_id": 11000
 	},
 	{
 		"a_name": "кепка (Ye-Bl)",
 		"a_id": 11001
 	},
 	{
 		"a_name": "рюкзак Adidas",
 		"a_id": 11002
 	},
 	{
 		"a_name": "рюкзак Adidas (R)",
 		"a_id": 11003
 	},
 	{
 		"a_name": "рюкзак Velvet",
 		"a_id": 11004
 	},
 	{
 		"a_name": "рюкзак Greenvet",
 		"a_id": 11005
 	},
 	{
 		"a_name": "рюкзак Rosepink",
 		"a_id": 11006
 	},
 	{
 		"a_name": "рюкзак Rosered",
 		"a_id": 11007
 	},
 	{
 		"a_name": "голова дьявола",
 		"a_id": 11704
 	},
 	{
 		"a_name": "крест",
 		"a_id": 11712
 	},
 	{
 		"a_name": "Ghost",
 		"a_id": 11755
 	},
 	{
 		"a_name": "Joker",
 		"a_id": 11756
 	},
 	{
 		"a_name": "маска (Red mouth)",
 		"a_id": 11757
 	},
 	{
 		"a_name": "маска (череп Red)",
 		"a_id": 11758
 	},
 	{
 		"a_name": "балаклава (Red)",
 		"a_id": 11759
 	},
 	{
 		"a_name": "пивная кепка",
 		"a_id": 11760
 	},
 	{
 		"a_name": "Anonymus",
 		"a_id": 11761
 	},
 	{
 		"a_name": "гитара-топор",
 		"a_id": 11763
 	},
 	{
 		"a_name": "Hello-Kitty (блест.)",
 		"a_id": 11764
 	},
 	{
 		"a_name": "Kaneki",
 		"a_id": 11765
 	},
 	{
 		"a_name": "тигр на плече",
 		"a_id": 11766
 	},
 	{
 		"a_name": "Marshmallow",
 		"a_id": 11767
 	},
 	{
 		"a_name": "Pikachu",
 		"a_id": 11768
 	},
 	{
 		"a_name": "Samurai",
 		"a_id": 11769
 	},
 	{
 		"a_name": "Shrek",
 		"a_id": 11770
 	},
 	{
 		"a_name": "балаклава (Black)",
 		"a_id": 11771
 	},
 	{
 		"a_name": "бананка (красная)",
 		"a_id": 11773
 	},
 	{
 		"a_name": "бананка (красная)",
 		"a_id": 11774
 	},
 	{
 		"a_name": "бананка (синяя)",
 		"a_id": 11775
 	},
 	{
 		"a_name": "бананка (голубая)",
 		"a_id": 11776
 	},
 	{
 		"a_name": "бананка (серая)",
 		"a_id": 11777
 	},
 	{
 		"a_name": "бананка (зеленая)",
 		"a_id": 11778
 	},
 	{
 		"a_name": "бананка (белая)",
 		"a_id": 11779
 	},
 	{
 		"a_name": "бронежилет (1 ур.)",
 		"a_id": 11781
 	},
 	{
 		"a_name": "бронежилет (2 ур.)",
 		"a_id": 11782
 	},
 	{
 		"a_name": "бронежилет (3 ур.)",
 		"a_id": 11783
 	},
 	{
 		"a_name": "шапка (черная)",
 		"a_id": 11784
 	},
 	{
 		"a_name": "шапка (коричневая)",
 		"a_id": 11785
 	},
 	{
 		"a_name": "шапка (серая)",
 		"a_id": 11786
 	},
 	{
 		"a_name": "шапка (голубая)",
 		"a_id": 11787
 	},
 	{
 		"a_name": "шапка (розовая)",
 		"a_id": 11788
 	},
 	{
 		"a_name": "шапка (фиолетовая)",
 		"a_id": 11789
 	},
 	{
 		"a_name": "шапка г. (черная)",
 		"a_id": 11790
 	},
 	{
 		"a_name": "шапка г. (коричневая)",
 		"a_id": 11791
 	},
 	{
 		"a_name": "шапка г. (бежевая)",
 		"a_id": 11792
 	},
 	{
 		"a_name": "шапка г. (раста)",
 		"a_id": 11793
 	},
 	{
 		"a_name": "шапка г. (полоска)",
 		"a_id": 11794
 	},
 	{
 		"a_name": "шапка г. (россия)",
 		"a_id": 11795
 	},
 	{
 		"a_name": "шапка г. (эмблема)",
 		"a_id": 11796
 	},
 	{
 		"a_name": "шарф (бежевый)",
 		"a_id": 11797
 	},
 	{
 		"a_name": "шарф (серый)",
 		"a_id": 11798
 	},
 	{
 		"a_name": "шарф (черный)",
 		"a_id": 11799
 	},
 	{
 		"a_name": "шарф (синий)",
 		"a_id": 11800
 	},
 	{
 		"a_name": "шарф (красный)",
 		"a_id": 11801
 	},
 	{
 		"a_name": "шарф (зеленый)",
 		"a_id": 11802
 	},
 	{
 		"a_name": "шарф вяз. (коричневый)",
 		"a_id": 11803
 	},
 	{
 		"a_name": "шарф вяз. (хаки)",
 		"a_id": 11804
 	},
 	{
 		"a_name": "шарф вяз. (черный)",
 		"a_id": 11805
 	},
 	{
 		"a_name": "шарф вяз. (белый)",
 		"a_id": 11806
 	},
 	{
 		"a_name": "шапка-Beer (син.)",
 		"a_id": 11807
 	},
 	{
 		"a_name": "шапка с помпоном (син.)",
 		"a_id": 11808
 	},
 	{
 		"a_name": "шапка с помпоном (сер.)",
 		"a_id": 11809
 	},
 	{
 		"a_name": "шапка с помпоном (бел.)",
 		"a_id": 11810
 	},
 	{
 		"a_name": "шапка с помпоном (зел.)",
 		"a_id": 11811
 	},
 	{
 		"a_name": "шапка с помпоном (беж.)",
 		"a_id": 11812
 	},
 	{
 		"a_name": "шапка вяз. (белая)",
 		"a_id": 11813
 	},
 	{
 		"a_name": "шапка вяз. (хиппи)",
 		"a_id": 11814
 	},
 	{
 		"a_name": "шапка вяз. (черная)",
 		"a_id": 11815
 	},
 	{
 		"a_name": "шапка вяз. (оранжевая)",
 		"a_id": 11816
 	},
 	{
 		"a_name": "шапка вяз. (фиолетовая)",
 		"a_id": 11817
 	},
 	{
 		"a_name": "шапка ушанка (кор.)",
 		"a_id": 11854
 	},
 	{
 		"a_name": "шапка ушанка (зел.)",
 		"a_id": 11855
 	},
 	{
 		"a_name": "шапка ушанка (кр.)",
 		"a_id": 11856
 	},
 	{
 		"a_name": "шапка ушанка (зел. ярк.)",
 		"a_id": 11857
 	},
 	{
 		"a_name": "шапка ушанка (сер.)",
 		"a_id": 11858
 	},
 	{
 		"a_name": "шапка-медведь (ч-б)",
 		"a_id": 11859
 	},
 	{
 		"a_name": "шапка-медведь (б-к)",
 		"a_id": 11860
 	},
 	{
 		"a_name": "шапка-медведь (б-з)",
 		"a_id": 11861
 	},
 	{
 		"a_name": "шапка-медведь (б-ф)",
 		"a_id": 11862
 	},
 	{
 		"a_name": "шапка-медведь (б-о)",
 		"a_id": 11863
 	},
 	{
 		"a_name": "шапка-Beer (фиол.)",
 		"a_id": 11864
 	},
 	{
 		"a_name": "шапка-Beer (черная)",
 		"a_id": 11866
 	},
 	{
 		"a_name": "шарф (белый)",
 		"a_id": 11867
 	},
 	{
 		"a_name": "шарф (бежевый)",
 		"a_id": 11868
 	},
 	{
 		"a_name": "шарф (коричневый)",
 		"a_id": 11869
 	},
 	{
 		"a_name": "шарф (красный)",
 		"a_id": 11870
 	},
 	{
 		"a_name": "шарф (синий)",
 		"a_id": 11871
 	},
 	{
 		"a_name": "шарф кл. (жёлтый)",
 		"a_id": 11872
 	},
 	{
 		"a_name": "шарф кл. (красный)",
 		"a_id": 11873
 	},
 	{
 		"a_name": "шарф кл. (белый)",
 		"a_id": 11874
 	},
 	{
 		"a_name": "шарф кл. (олени)",
 		"a_id": 11875
 	},
 	{
 		"a_name": "шарф кл. (голубой)",
 		"a_id": 11876
 	},
 	{
 		"a_name": "рюкзак олень (бел.)",
 		"a_id": 11877
 	},
 	{
 		"a_name": "рюкзак олень (фиол.)",
 		"a_id": 11878
 	},
 	{
 		"a_name": "рюкзак олень (зел.)",
 		"a_id": 11879
 	},
 	{
 		"a_name": "рюкзак олень (роз.)",
 		"a_id": 11880
 	},
 	{
 		"a_name": "рога (кр.)",
 		"a_id": 11881
 	},
 	{
 		"a_name": "рога (фиол.)",
 		"a_id": 11882
 	},
 	{
 		"a_name": "рога (син.)",
 		"a_id": 11883
 	},
 	{
 		"a_name": "рога (зел.)",
 		"a_id": 11884
 	},
 	{
 		"a_name": "рога (оран.)",
 		"a_id": 11885
 	},
 	{
 		"a_name": "покер (бел.)",
 		"a_id": 11886
 	},
 	{
 		"a_name": "покер (кр.)",
 		"a_id": 11887
 	},
 	{
 		"a_name": "покер (беж.)",
 		"a_id": 11888
 	},
 	{
 		"a_name": "покер (звезды)",
 		"a_id": 11889
 	},
 	{
 		"a_name": "покер (клетка)",
 		"a_id": 11890
 	},
 	{
 		"a_name": "ворот (белый)",
 		"a_id": 11891
 	},
 	{
 		"a_name": "ворот (красный)",
 		"a_id": 11892
 	},
 	{
 		"a_name": "ворот (клетка)",
 		"a_id": 11893
 	},
 	{
 		"a_name": "ворот (звезды)",
 		"a_id": 11894
 	},
 	{
 		"a_name": "ворот (серый)",
 		"a_id": 11895
 	},
 	{
 		"a_name": "шапка вяз. пом. (бел.)",
 		"a_id": 11897
 	},
 	{
 		"a_name": "шапка вяз. пом. (кр.)",
 		"a_id": 11898
 	},
 	{
 		"a_name": "шапка вяз. пом. (чер.)",
 		"a_id": 11899
 	},
 	{
 		"a_name": "шапка вяз. пом. (leafs)",
 		"a_id": 11900
 	},
 	{
 		"a_name": "шапка вяз. пом. (зел.)",
 		"a_id": 11901
 	},
 	{
 		"a_name": "рюкзак NemeN",
 		"a_id": 11902
 	},
 	{
 		"a_name": "рюкзак NoKitty",
 		"a_id": 11903
 	},
 	{
 		"a_name": "рюкзак Clown",
 		"a_id": 11904
 	},
 	{
 		"a_name": "маска Farfor",
 		"a_id": 11905
 	},
 	{
 		"a_name": "маска Demons",
 		"a_id": 11906
 	},
 	{
 		"a_name": "маска Meat Pig",
 		"a_id": 11907
 	},
 	{
 		"a_name": "маска Blood Monkey",
 		"a_id": 11908
 	},
 	{
 		"a_name": "маска Meat Rabbit",
 		"a_id": 11909
 	},
 	{
 		"a_name": "маска SmileS",
 		"a_id": 11910
 	},
 	{
 		"a_name": "маска Mummy",
 		"a_id": 11911
 	},
 	{
 		"a_name": "ведьма на голову",
 		"a_id": 11912
 	},
 	{
 		"a_name": "шапка-Beer (зеленая)",
 		"a_id": 11965
 	},
 	{
 		"a_name": "очки #1",
 		"a_id": 12047
 	},
 	{
 		"a_name": "очки #2",
 		"a_id": 12048
 	},
 	{
 		"a_name": "очки #3",
 		"a_id": 12049
 	},
 	{
 		"a_name": "очки #4",
 		"a_id": 12050
 	},
 	{
 		"a_name": "очки #5",
 		"a_id": 12051
 	},
 	{
 		"a_name": "браслет Supreme (R)",
 		"a_id": 12052
 	},
 	{
 		"a_name": "браслет Gucci",
 		"a_id": 12053
 	},
 	{
 		"a_name": "браслет Balenciaga",
 		"a_id": 12054
 	},
 	{
 		"a_name": "браслет Chanel",
 		"a_id": 12055
 	},
 	{
 		"a_name": "браслет Supreme (B)",
 		"a_id": 12056
 	},
 	{
 		"a_name": "кепка NY",
 		"a_id": 12057
 	},
 	{
 		"a_name": "кепка Palms Angels",
 		"a_id": 12058
 	},
 	{
 		"a_name": "кепка DSQUARED (R)",
 		"a_id": 12059
 	},
 	{
 		"a_name": "кепка DSQUARED (B)",
 		"a_id": 12060
 	},
 	{
 		"a_name": "кепка MARC O POLO",
 		"a_id": 12061
 	},
 	{
 		"a_name": "кепка North Face",
 		"a_id": 12062
 	},
 	{
 		"a_name": "кепка Shit",
 		"a_id": 12063
 	},
 	{
 		"a_name": "кепка Adidas",
 		"a_id": 12064
 	},
 	{
 		"a_name": "кепка Nike",
 		"a_id": 12065
 	},
 	{
 		"a_name": "кепка Mercedes",
 		"a_id": 12066
 	},
 	{
 		"a_name": "кепка BMW",
 		"a_id": 12067
 	},
 	{
 		"a_name": "рюкзак CREVIS (Y)",
 		"a_id": 12069
 	},
 	{
 		"a_name": "рюкзак CREVIS (B)",
 		"a_id": 12070
 	},
 	{
 		"a_name": "рюкзак CREVIS (G)",
 		"a_id": 12071
 	},
 	{
 		"a_name": "рюкзак CREVIS (WBlue)",
 		"a_id": 12072
 	},
 	{
 		"a_name": "рюкзак CREVIS (WBlack)",
 		"a_id": 12073
 	},
 	{
 		"a_name": "рюкзак CREVIS (череп)",
 		"a_id": 12074
 	},
 	{
 		"a_name": "хиджаб (синий)",
 		"a_id": 12080
 	},
 	{
 		"a_name": "хиджаб (Gucci)",
 		"a_id": 12081
 	},
 	{
 		"a_name": "хиджаб (Louis Vuitton)",
 		"a_id": 12082
 	},
 	{
 		"a_name": "рюкзак (Gold)",
 		"a_id": 12083
 	},
 	{
 		"a_name": "рюкзак (WhiteAndBlack)",
 		"a_id": 12084
 	},
 	{
 		"a_name": "рюкзак (GreyAndBlack)",
 		"a_id": 12085
 	},
 	{
 		"a_name": "сумочка Gucci",
 		"a_id": 12086
 	},
 	{
 		"a_name": "сумочка Gucci #2",
 		"a_id": 12087
 	},
 	{
 		"a_name": "рюкзак Tiger",
 		"a_id": 12088
 	},
 	{
 		"a_name": "ранец (Louis Vuitton)",
 		"a_id": 12089
 	},
 	{
 		"a_name": "рюкзак Mike",
 		"a_id": 12090
 	},
 	{
 		"a_name": "рюкзак Kitty",
 		"a_id": 12091
 	},
 	{
 		"a_name": "рюкзак Flowers",
 		"a_id": 12092
 	},
 	{
 		"a_name": "очки Orange",
 		"a_id": 12608
 	},
 	{
 		"a_name": "очки Oculus",
 		"a_id": 12609
 	},
 	{
 		"a_name": "очки Leps",
 		"a_id": 12610
 	},
 	{
 		"a_name": "очки Heart",
 		"a_id": 12611
 	},
 	{
 		"a_name": "очки Green Heart",
 		"a_id": 12612
 	},
 	{
 		"a_name": "маска чёрная с зубами",
 		"a_id": 12613
 	},
 	{
 		"a_name": "маска пятнистая с зубами",
 		"a_id": 12614
 	},
 	{
 		"a_name": "маска розовая с зубами",
 		"a_id": 12615
 	},
 	{
 		"a_name": "маска фиолет с зубами",
 		"a_id": 12616
 	},
 	{
 		"a_name": "маска пб (зелёная)",
 		"a_id": 12617
 	},
 	{
 		"a_name": "маска зелёная с зубами",
 		"a_id": 12618
 	},
 	{
 		"a_name": "маска пб (чёрная)",
 		"a_id": 12619
 	},
 	{
 		"a_name": "маска пб (чёрно-розовая)",
 		"a_id": 12620
 	},
 	{
 		"a_name": "маска пб (чёрно-жёлтая)",
 		"a_id": 12621
 	},
 	{
 		"a_name": "маска пб (чёрно-голубая)",
 		"a_id": 12622
 	},
 	{
 		"a_name": "маска м белая",
 		"a_id": 12623
 	},
 	{
 		"a_name": "маска м чёрная",
 		"a_id": 12624
 	},
 	{
 		"a_name": "алмазный меч",
 		"a_id": 12635
 	},
 	{
 		"a_name": "золотой меч",
 		"a_id": 12636
 	},
 	{
 		"a_name": "алмазная кирка",
 		"a_id": 12637
 	},
 	{
 		"a_name": "золотая кирка",
 		"a_id": 12638
 	},
 	{
 		"a_name": "Legoman",
 		"a_id": 12639
 	},
 	{
 		"a_name": "Darth Vader",
 		"a_id": 12640
 	},
 	{
 		"a_name": "Louis Vuitton (BAG)",
 		"a_id": 12641
 	},
 	{
 		"a_name": "Gucci (BAG)",
 		"a_id": 12642
 	},
 	{
 		"a_name": "Gucci (BAG 2)",
 		"a_id": 12643
 	},
 	{
 		"a_name": "пояс Louis Vuitton",
 		"a_id": 12644
 	},
 	{
 		"a_name": "пояс Gucci",
 		"a_id": 12645
 	},
 	{
 		"a_name": "пояс Supreme",
 		"a_id": 12646
 	},
 	{
 		"a_name": "кепка Russia",
 		"a_id": 12647
 	},
 	{
 		"a_name": "спасательный круг",
 		"a_id": 12648
 	},
 	{
 		"a_name": "маска Vendetta",
 		"a_id": 12650
 	},
 	{
 		"a_name": "маска кольт",
 		"a_id": 12651
 	},
 	{
 		"a_name": "скейтборд",
 		"a_id": 12652
 	},
 	{
 		"a_name": "маска Teddy",
 		"a_id": 12654
 	},
 	{
 		"a_name": "маска Steve",
 		"a_id": 12655
 	},
 	{
 		"a_name": "ждун",
 		"a_id": 12656
 	},
 	{
 		"a_name": "маска крипер",
 		"a_id": 12657
 	},
 	{
 		"a_name": "маска ламы",
 		"a_id": 12658
 	},
 	{
 		"a_name": "маска леона",
 		"a_id": 12659
 	},
 	{
 		"a_name": "маска ниты",
 		"a_id": 12660
 	},
 	{
 		"a_name": "маска свинки",
 		"a_id": 12661
 	},
 	{
 		"a_name": "маска поко",
 		"a_id": 12662
 	},
 	{
 		"a_name": "рюкзак Supreme",
 		"a_id": 12663
 	},
 	{
 		"a_name": "маска примо",
 		"a_id": 12664
 	},
 	{
 		"a_name": "маска шелли",
 		"a_id": 12665
 	},
 	{
 		"a_name": "маска зомби",
 		"a_id": 12666
 	},
 	{
 		"a_name": "маска совы",
 		"a_id": 12667
 	},
 	{
 		"a_name": "маска человек-паук",
 		"a_id": 12668
 	},
 	{
 		"a_name": "медвежонок",
 		"a_id": 12669
 	},
 	{
 		"a_name": "маска лягушки",
 		"a_id": 12670
 	},
 	{
 		"a_name": "маска помидор",
 		"a_id": 12671
 	},
 	{
 		"a_name": "маска коня",
 		"a_id": 12672
 	},
 	{
 		"a_name": "шапка ушанка",
 		"a_id": 18156
 	},
 	{
 		"a_name": "шапка санты",
 		"a_id": 18157
 	},
 	{
 		"a_name": "маска деда мороза",
 		"a_id": 18158
 	},
 	{
 		"a_name": "маска собаки",
 		"a_id": 18159
 	},
 	{
 		"a_name": "маска ёлки",
 		"a_id": 18160
 	},
 	{
 		"a_name": "новогодний шарф",
 		"a_id": 18161
 	},
 	{
 		"a_name": "маска Playboy",
 		"a_id": 18162
 	},
 	{
 		"a_name": "маска тигра",
 		"a_id": 18163
 	},
 	{
 		"a_name": "маска снеговика",
 		"a_id": 18164
 	},
 	{
 		"a_name": "маска хоккейная",
 		"a_id": 18165
 	},
 	{
 		"a_name": "маска быка",
 		"a_id": 18166
 	},
 	{
 		"a_name": "лавка торговца #1",
 		"a_id": 18400
 	},
 	{
 		"a_name": "лавка торговца #2",
 		"a_id": 18401
 	},
 	{
 		"a_name": "лавка торговца #3",
 		"a_id": 18402
 	},
 	{
 		"a_name": "щит",
 		"a_id": 18637
 	},
 	{
 		"a_name": "серо-красная бандана",
 		"a_id": 18906
 	},
 	{
 		"a_name": "бандана разноцветная",
 		"a_id": 18907
 	},
 	{
 		"a_name": "бандана с синими узорами",
 		"a_id": 18908
 	},
 	{
 		"a_name": "бандана цвета воды",
 		"a_id": 18909
 	},
 	{
 		"a_name": "бандана цвета лавы",
 		"a_id": 18910
 	},
 	{
 		"a_name": "чёрная маска",
 		"a_id": 18911
 	},
 	{
 		"a_name": "чёрная маска с узором",
 		"a_id": 18912
 	},
 	{
 		"a_name": "зелёная маска с узором",
 		"a_id": 18913
 	},
 	{
 		"a_name": "армейская маска",
 		"a_id": 18914
 	},
 	{
 		"a_name": "розовая маска с узором",
 		"a_id": 18915
 	},
 	{
 		"a_name": "цветная маска",
 		"a_id": 18916
 	},
 	{
 		"a_name": "маска с изображением молнии",
 		"a_id": 18917
 	},
 	{
 		"a_name": "серая маска с узором",
 		"a_id": 18918
 	},
 	{
 		"a_name": "белая маска с узором",
 		"a_id": 18919
 	},
 	{
 		"a_name": "жёлто-коричневая маска",
 		"a_id": 18920
 	},
 	{
 		"a_name": "красный берет",
 		"a_id": 18925
 	},
 	{
 		"a_name": "кепка цвета хаки",
 		"a_id": 18926
 	},
 	{
 		"a_name": "синяя кепка с узором",
 		"a_id": 18927
 	},
 	{
 		"a_name": "цветная кепка",
 		"a_id": 18928
 	},
 	{
 		"a_name": "серая кепка с узором",
 		"a_id": 18929
 	},
 	{
 		"a_name": "кепка цвета лавы",
 		"a_id": 18930
 	},
 	{
 		"a_name": "черно-синяя кепка",
 		"a_id": 18931
 	},
 	{
 		"a_name": "серо-красная кепка",
 		"a_id": 18932
 	},
 	{
 		"a_name": "белая кепка с узором",
 		"a_id": 18933
 	},
 	{
 		"a_name": "красная каска",
 		"a_id": 18937
 	},
 	{
 		"a_name": "синяя каска",
 		"a_id": 18938
 	},
 	{
 		"a_name": "чёрная шляпа",
 		"a_id": 18947
 	},
 	{
 		"a_name": "синяя шляпа",
 		"a_id": 18948
 	},
 	{
 		"a_name": "зелёная шляпа",
 		"a_id": 18949
 	},
 	{
 		"a_name": "красная шляпа",
 		"a_id": 18950
 	},
 	{
 		"a_name": "жёлтая шляпа",
 		"a_id": 18951
 	},
 	{
 		"a_name": "чёрная шапка в полоску",
 		"a_id": 18953
 	},
 	{
 		"a_name": "серая шапка в полоску",
 		"a_id": 18954
 	},
 	{
 		"a_name": "серо-красная кепка",
 		"a_id": 18955
 	},
 	{
 		"a_name": "серо-красная кепка",
 		"a_id": 18956
 	},
 	{
 		"a_name": "синяя кепка с узором",
 		"a_id": 18957
 	},
 	{
 		"a_name": "армейская кепка",
 		"a_id": 18959
 	},
 	{
 		"a_name": "чёрная панамка",
 		"a_id": 18967
 	},
 	{
 		"a_name": "сине-серая панамка",
 		"a_id": 18968
 	},
 	{
 		"a_name": "серо-красная панамка",
 		"a_id": 18969
 	},
 	{
 		"a_name": "тигровая шляпа",
 		"a_id": 18970
 	},
 	{
 		"a_name": "чёрно-белая шляпа",
 		"a_id": 18971
 	},
 	{
 		"a_name": "жёлто-чёрная шляпа",
 		"a_id": 18972
 	},
 	{
 		"a_name": "леопардовая шляпа",
 		"a_id": 18973
 	},
 	{
 		"a_name": "очки с изображением спирали",
 		"a_id": 19011
 	},
 	{
 		"a_name": "чёрные очки",
 		"a_id": 19012
 	},
 	{
 		"a_name": "очки с изображением глаз",
 		"a_id": 19013
 	},
 	{
 		"a_name": "очки «Deal with it»",
 		"a_id": 19014
 	},
 	{
 		"a_name": "очки без линз",
 		"a_id": 19015
 	},
 	{
 		"a_name": "очки «X-RAY VISION»",
 		"a_id": 19016
 	},
 	{
 		"a_name": "жёлтые очки",
 		"a_id": 19017
 	},
 	{
 		"a_name": "оранжевые очки",
 		"a_id": 19018
 	},
 	{
 		"a_name": "красные очки",
 		"a_id": 19019
 	},
 	{
 		"a_name": "очки с серыми линзами",
 		"a_id": 19022
 	},
 	{
 		"a_name": "очки с фиолетовыми линзами",
 		"a_id": 19024
 	},
 	{
 		"a_name": "очки с оранжевыми линзами",
 		"a_id": 19027
 	},
 	{
 		"a_name": "очки с жёлтыми линзами",
 		"a_id": 19028
 	},
 	{
 		"a_name": "очки с зелёными линзами",
 		"a_id": 19029
 	},
 	{
 		"a_name": "очки с ярко-жёлтыми линзами",
 		"a_id": 19031
 	},
 	{
 		"a_name": "очки с красными линзами",
 		"a_id": 19032
 	},
 	{
 		"a_name": "очки с чёрными линзами",
 		"a_id": 19033
 	},
 	{
 		"a_name": "очки с синими линзами",
 		"a_id": 19035
 	},
 	{
 		"a_name": "белая маска",
 		"a_id": 19036
 	},
 	{
 		"a_name": "красная маска",
 		"a_id": 19037
 	},
 	{
 		"a_name": "зелёная маска",
 		"a_id": 19038
 	},
 	{
 		"a_name": "золотые часы",
 		"a_id": 19039
 	},
 	{
 		"a_name": "серебряные часы",
 		"a_id": 19040
 	},
 	{
 		"a_name": "бронзовые часы",
 		"a_id": 19041
 	},
 	{
 		"a_name": "золотые часы",
 		"a_id": 19042
 	},
 	{
 		"a_name": "серебряные часы",
 		"a_id": 19043
 	},
 	{
 		"a_name": "розовые часы",
 		"a_id": 19044
 	},
 	{
 		"a_name": "красные часы",
 		"a_id": 19045
 	},
 	{
 		"a_name": "зелёные часы",
 		"a_id": 19046
 	},
 	{
 		"a_name": "синие часы",
 		"a_id": 19048
 	},
 	{
 		"a_name": "цветные часы",
 		"a_id": 19049
 	},
 	{
 		"a_name": "синие часы с узором",
 		"a_id": 19050
 	},
 	{
 		"a_name": "жёлто-чёрные часы",
 		"a_id": 19051
 	},
 	{
 		"a_name": "часы из змеиной кожи",
 		"a_id": 19053
 	},
 	{
 		"a_name": "красно-чёрная шапка",
 		"a_id": 19067
 	},
 	{
 		"a_name": "серо-чёрная шапка с узором",
 		"a_id": 19068
 	},
 	{
 		"a_name": "серо-чёрная шапка",
 		"a_id": 19069
 	},
 	{
 		"a_name": "попугай",
 		"a_id": 19079
 	},
 	{
 		"a_name": "шапка Burger Shot",
 		"a_id": 19094
 	},
 	{
 		"a_name": "шлем цвета хаки с затяжками",
 		"a_id": 19104
 	},
 	{
 		"a_name": "армейский шлем с затяжками",
 		"a_id": 19105
 	},
 	{
 		"a_name": "армейский шлем",
 		"a_id": 19106
 	},
 	{
 		"a_name": "тусклый армейский шлем",
 		"a_id": 19107
 	},
 	{
 		"a_name": "армейский шлем цвета хаки",
 		"a_id": 19108
 	},
 	{
 		"a_name": "яркий армейский шлем",
 		"a_id": 19109
 	},
 	{
 		"a_name": "зелёная каска",
 		"a_id": 19118
 	},
 	{
 		"a_name": "маска петуха",
 		"a_id": 19137
 	},
 	{
 		"a_name": "бронежилет",
 		"a_id": 19142
 	},
 	{
 		"a_name": "ангельский нимб",
 		"a_id": 19197
 	},
 	{
 		"a_name": "красный парик",
 		"a_id": 19274
 	},
 	{
 		"a_name": "рога",
 		"a_id": 19314
 	},
 	{
 		"a_name": "красная гитара",
 		"a_id": 19317
 	},
 	{
 		"a_name": "белая гитара",
 		"a_id": 19318
 	},
 	{
 		"a_name": "чёрная гитара",
 		"a_id": 19319
 	},
 	{
 		"a_name": "воздушный шар #1",
 		"a_id": 19332
 	},
 	{
 		"a_name": "воздушный шар #2",
 		"a_id": 19333
 	},
 	{
 		"a_name": "воздушный шар #3",
 		"a_id": 19334
 	},
 	{
 		"a_name": "воздушный шар #4",
 		"a_id": 19335
 	},
 	{
 		"a_name": "воздушный шар #5",
 		"a_id": 19336
 	},
 	{
 		"a_name": "воздушный шар #6",
 		"a_id": 19337
 	},
 	{
 		"a_name": "воздушный шар #7",
 		"a_id": 19338
 	},
 	{
 		"a_name": "серые наушники",
 		"a_id": 19421
 	},
 	{
 		"a_name": "чёрные наушники",
 		"a_id": 19422
 	},
 	{
 		"a_name": "красные наушники",
 		"a_id": 19423
 	},
 	{
 		"a_name": "синие наушники",
 		"a_id": 19424
 	},
 	{
 		"a_name": "повязка",
 		"a_id": 19469
 	},
 	{
 		"a_name": "респиратор",
 		"a_id": 19472
 	},
 	{
 		"a_name": "серый парик",
 		"a_id": 19519
 	},
 	{
 		"a_name": "серый берет",
 		"a_id": 19554
 	},
 	{
 		"a_name": "походный рюкзак",
 		"a_id": 19559
 	},
 	{
 		"a_name": "рабочий жилет",
 		"a_id": 19904
 	}
]