{
    "clientVersionCode": 509,
    "gameFilesVersionCode": 13,
    "URL_GAME_FILES" : "http://slaughters.geryon.feralhosting.com/samp-cache-lite.7z",
    "URL_GAME_FILES_DXT" : "http://slaughters.geryon.feralhosting.com/dxt.7z",
    "URL_GAME_FILES_PVR" : "http://slaughters.geryon.feralhosting.com/pvr.7z",
    "URL_GAME_FILES_ETC" : "http://slaughters.geryon.feralhosting.com/etc.7z",
    "URL_GAME_FILES_UPD" : "http://slaughters.geryon.feralhosting.com/files_upd.7z",
    "URL_GAME_GRAPHICS" : "https://forum.crime-mobile.net/",
	"URL_GAME_FILES_PROVIDE": "http://slaughters.geryon.feralhosting.com/CrimeRp/",
    "URL_FORUM": "https://forum.crime-mobile.net/",
    "URL_DONATE": "https://crime-mobile.net/ru/shop",
    "URL_CLIENT": "http://slaughters.geryon.feralhosting.com/app-crime-release.apk",
	"GAME_NAME": "Redraigs"
}
