[
	{
		"aID": 92,
		"aName": "Khramov",
		"aAndroidID": "32fe4ad2ac1e9444"
	},
	{
		"aID": 93,
		"aName": "Malaya_Dragonha",
		"aAndroidID": "5afb54c9f4810fe0"
	},
	{
		"aID": 97,
		"aName": "Rastishka",
		"aAndroidID": "e36948da31ba33fb"
	},
	{
		"aID": 98,
		"aName": "Shtorm_Road",
		"aAndroidID": "03bf564a9cc79d3d"
	},
	{
		"aID": 107,
		"aName": "Cleo",
		"aAndroidID": "39f72809da665b3a"
	},
	{
		"aID": 115,
		"aName": "Snosit",
		"aAndroidID": "27515b70a34ddee5"
	},
	{
		"aID": 116,
		"aName": "Snosit",
		"aAndroidID": "f2617e0ea7a4a269"
	},
	{
		"aID": 120,
		"aName": "Cacosik",
		"aAndroidID": "a00d0fe12a21f29f"
	},
	{
		"aID": 121,
		"aName": "Lord_Tokyo",
		"aAndroidID": "4b2da07c4d331244"
	},
	{
		"aID": 123,
		"aName": "Basa",
		"aAndroidID": "1c21204a6ec25607"
	},
	{
		"aID": 127,
		"aName": "Artemka_Fream",
		"aAndroidID": "89b9fb3d2e14ce8a"
	},
	{
		"aID": 133,
		"aName": "Dmitry_Xaredov",
		"aAndroidID": "1c8c0a5410d9e94c"
	},
	{
		"aID": 133,
		"aName": "Moonlae",
		"aAndroidID": "91e22128c7463dde"
	},
	{
		"aID": 134,
		"aName": "Fake Olimp",
		"aAndroidID": "ea966738725c43d3"
	},
	{
		"aID": 135,
		"aName": "Hard_Nesqvik",
		"aAndroidID": "48d395a97b4f73a2"
	}
]